merchant_name,category,mcc,amount,date
Amazon,Groceries,5462,148.73,2023-04-17
PQR Internet,Utilities,4900,181.76,2023-03-02
Aliexpress,Misc,5331,147.54,2023-05-01
McDonalds,Food,5814,103.41,2023-03-24
Uptown Rentals,Rent,6513,300,2023-04-16
Ikea,Misc,5311,300.02,2023-04-08
Tobu Zoo,Entertainment,7996,36.67,2023-03-31
Aliexpress,Electronics,5732,1732.66,2023-04-07
Walmart,Groceries,5441,8.35,2023-03-15
eBay,Online Purchases,5192,460.21,2023-03-24
Walmart,Groceries,5411,111.68,2023-04-11
eBay,Online Purchases,5192,116.07,2023-03-24
ABC Water,Utilities,4900,105.29,2023-03-28
Museum of History,Entertainment,7998,53.14,2023-03-24
Six Flags,Entertainment,7991,100.75,2023-03-09
Samsung,Electronics,5733,1778.49,2023-03-06
Walmart,Clothes,5137,108.42,2023-03-20
Tobu,Groceries,5411,35.72,2023-04-12
Amazon,Misc,5311,191.9,2023-04-23
Samsung,Electronics,5733,1992.77,2023-03-15
Ikea,Misc,5399,69.66,2023-03-04
Adidas,Clothes,5137,99.29,2023-04-15
Walmart.com,Misc,5311,223.45,2023-03-21
Six Flags,Entertainment,7832,61.37,2023-04-24
Amazon,Electronics,5732,1972.37,2023-04-17
Walmart,Groceries,5441,42.32,2023-03-30
Office Depot,Misc,5999,230.15,2023-03-22
Adidas,Clothes,5139,40.47,2023-04-02
Walmart,Food,5499,146.8,2023-04-22
City Bus,Transportation,4121,93.96,2023-03-10
XYZ Electricity,Utilities,4900,138.2,2023-03-18
Puma,Clothes,5699,48.74,2023-03-03
Burger King,Food,5499,32.55,2023-03-18
Walmart,Pharmaceuticals,5912,123.28,2023-03-22
Ikea,Misc,5999,133.84,2023-04-17
ABC Water,Utilities,4899,109.08,2023-03-08
Walmart,Pharmaceuticals,5912,312.96,2023-04-12
Target,Online Purchases,5968,160.55,2023-04-29
Amazon,Pharmaceuticals,5912,350.12,2023-03-19
Regal Cinemas,Entertainment,7991,87.03,2023-04-01
Main Street Condos,Rent,6513,400,2023-03-20
ABC Water,Utilities,4899,173.94,2023-04-24
ABC Water,Utilities,4899,75.95,2023-04-30
Home Depot,Misc,5999,353.96,2023-04-18
Walmart,Online Purchases,5192,392.07,2023-04-17
Uptown Rentals,Rent,6513,400,2023-03-28
Walmart,Pharmaceuticals,5912,167.35,2023-04-22
AMC Theaters,Entertainment,7996,32.83,2023-03-13
ABC Water,Utilities,4900,110.82,2023-03-17
Amazon,Pharmaceuticals,5912,27.23,2023-03-26
Amazon,Pharmaceuticals,5912,228.11,2023-03-05
City Park,Entertainment,7998,81.69,2023-04-23
City Bus,Transportation,4121,21.57,2023-03-25
City Bus,Transportation,4121,49.25,2023-03-27
Walmart.com,Misc,5999,470.69,2023-04-29
Adidas,Clothes,5139,240.35,2023-04-05
Target,Clothes,5137,176.74,2023-04-14
Uber,Transportation,4121,43.14,2023-03-29
Uber,Transportation,4121,55.22,2023-04-03
Amazon,Online Purchases,5192,237.61,2023-03-15
Amazon,Pharmaceuticals,5912,223.36,2023-03-02
Home Depot,Misc,5399,408.38,2023-04-08
Target,Clothes,5139,147.93,2023-04-27
Puma,Clothes,5139,146.04,2023-04-25
Main Street Condos,Rent,6513,400,2023-04-08
GU,Clothes,5699,54.06,2023-03-12
CVS,Pharmaceuticals,5912,392.42,2023-04-13
Tobu Aquarium,Entertainment,7998,28.97,2023-04-02
Museum of History,Entertainment,7998,31.29,2023-04-26
Walmart,Food,5814,53.18,2023-03-07
Uptown Rentals,Rent,6513,300,2023-04-03
Amazon,Groceries,5462,92.88,2023-03-07
Lyft,Transportation,4121,55.38,2023-03-30
Sony,Electronics,5732,1339.21,2023-05-01
Aliexpress,Online Purchases,5192,253.54,2023-04-05
City Park,Entertainment,7832,97.36,2023-04-01
City Bus,Transportation,4121,12.69,2023-04-30
Uptown Rentals,Rent,6513,400,2023-03-19
CVS,Pharmaceuticals,5912,258.76,2023-04-16
City Park,Entertainment,7998,61.42,2023-04-25
XYZ Housing,Rent,6513,300,2023-03-13
Macy's,Clothes,5651,31.03,2023-04-08
MNO Gas,Utilities,4899,77.74,2023-03-24
Home Depot,Misc,5999,350.68,2023-03-06
Walmart.com,Misc,5399,395.22,2023-04-09
Target,Online Purchases,5192,116.23,2023-03-07
Walmart,Clothes,5139,150.1,2023-03-22
Tobu Zoo,Entertainment,7991,53.54,2023-04-07
Walmart,Online Purchases,5968,343.3,2023-03-30
Panasonic,Electronics,5732,1455.46,2023-04-14
Nike,Clothes,5139,79.17,2023-04-14
CVS,Pharmaceuticals,5912,485.69,2023-03-09
Amazon,Groceries,5462,100.05,2023-04-11
Adidas,Clothes,5699,73.6,2023-03-28
Amazon,Misc,5399,219.03,2023-03-23
Trader joe's,Groceries,5441,144.09,2023-03-25
Donquiote,Clothes,5137,38.42,2023-04-23
Nike,Clothes,5651,299.12,2023-04-26
Lyft,Transportation,4121,21.75,2023-04-18
City Bus,Transportation,4121,17.91,2023-03-16
Target.com,Misc,5999,458.21,2023-03-30
City Bus,Transportation,4121,74.75,2023-03-04
PQR Internet,Utilities,4900,190.68,2023-03-05
Zara,Clothes,5651,104.15,2023-03-03
Burger King,Food,5814,21.81,2023-03-25
GU,Clothes,5651,256.44,2023-04-14
Office Depot,Misc,5311,255.39,2023-04-18
Aliexpress,Online Purchases,5968,292.28,2023-03-10
Starbucks,Food,5814,132.02,2023-04-30
Walmart,Food,5499,149.03,2023-04-22
Subway,Food,5499,53.49,2023-04-13
Samsung,Electronics,5732,624.53,2023-04-05
Amazon,Online Purchases,5968,333.53,2023-03-30
KFC,Food,5499,10.91,2023-03-31
Walmart,Pharmaceuticals,5912,248.45,2023-03-21
Yellow Cab,Transportation,4121,25.31,2023-03-01
Tobu,Groceries,5422,23.51,2023-03-28
Aliexpress,Misc,5399,153.73,2023-04-03
Starbucks,Food,5499,104.53,2023-03-20
XYZ Housing,Rent,6513,400,2023-03-19
Target,Online Purchases,5968,131.42,2023-03-04
Amazon,Pharmaceuticals,5912,324.48,2023-03-19
Walmart,Online Purchases,5968,170.04,2023-04-29
Nintendo,Electronics,5732,409.53,2023-03-22
Amazon,Online Purchases,5968,331.7,2023-03-09
Museum of History,Entertainment,7998,42.96,2023-03-11
CVS,Pharmaceuticals,5912,49.85,2023-03-19
Amazon,Online Purchases,5968,396.47,2023-04-03
Target.com,Misc,5399,257.06,2023-03-10
Target,Online Purchases,5192,464.69,2023-04-07
CVS,Pharmaceuticals,5912,12.78,2023-04-13
Ikea,Misc,5999,100.79,2023-03-06
AMC Theaters,Entertainment,7996,31.53,2023-03-13
McDonalds,Food,5814,36.65,2023-04-04
KFC,Food,5814,104.59,2023-04-22
City Bus,Transportation,4121,99.2,2023-03-28
Uber,Transportation,4121,76.43,2023-04-10
Aliexpress,Misc,5399,339.41,2023-04-23
Bed Bath & Beyond,Misc,5399,237.03,2023-03-04
Tobu,Groceries,5441,62.51,2023-03-29
Amazon,Online Purchases,5968,362.36,2023-04-10
Regal Cinemas,Entertainment,7996,30.02,2023-03-24
Aliexpress,Misc,5399,358.1,2023-03-05
PQR Internet,Utilities,4900,78.73,2023-03-13
Sony,Electronics,5733,1167.61,2023-03-12
Walmart.com,Misc,5311,273.96,2023-03-31
Best Buy,Electronics,5732,1616.11,2023-03-23
Dollar General,Groceries,5462,97.97,2023-04-26
Lyft,Transportation,4121,6.92,2023-03-27
Megamart,Groceries,5422,105.59,2023-03-26
Main Street Condos,Rent,6513,300,2023-04-08
Aliexpress,Clothes,5651,142.46,2023-04-11
Target.com,Misc,5399,277.24,2023-03-13
Nike,Clothes,5139,273.25,2023-04-15
Amazon,Groceries,5411,35.29,2023-03-12
Dollar General,Groceries,5441,93.73,2023-04-03
Bed Bath & Beyond,Misc,5999,349.14,2023-03-10
Walmart,Online Purchases,5968,269.17,2023-03-11
Gap,Clothes,5651,65.84,2023-04-05
Target,Online Purchases,5968,124.52,2023-04-12
Burger King,Food,5499,28.2,2023-04-24
Walmart,Online Purchases,5192,101.18,2023-04-19
XYZ Electricity,Utilities,4900,104.98,2023-04-17
Gyomu Supermarket,Groceries,5462,100.69,2023-04-04
Lyft,Transportation,4121,60.84,2023-04-17
Uptown Rentals,Rent,6513,400,2023-03-10
Target,Online Purchases,5968,427.8,2023-03-26
Tobu,Groceries,5441,37.3,2023-04-02
MNO Gas,Utilities,4899,162.27,2023-03-11
Yellow Cab,Transportation,4121,14.3,2023-04-21
Ikea,Misc,5399,346.08,2023-04-21
CVS,Pharmaceuticals,5912,38.96,2023-03-26
Aliexpress,Online Purchases,5192,345.38,2023-04-12
Juicy,Food,5814,123.85,2023-03-17
Walmart,Food,5814,143.37,2023-04-12
Nintendo,Electronics,5732,922.12,2023-03-17
Aliexpress,Online Purchases,5192,482.46,2023-04-24
ABC Apartments,Rent,6513,400,2023-04-08
Sony,Electronics,5734,1827.06,2023-04-11
Gyomu Supermarket,Groceries,5422,96.45,2023-03-09
City Bus,Transportation,4121,30.26,2023-03-21
Uber,Transportation,4121,68.98,2023-04-28
Walmart,Pharmaceuticals,5912,182.09,2023-05-01
Tobu Zoo,Entertainment,7991,55.78,2023-04-28
AMC Theaters,Entertainment,7996,25.53,2023-04-03
Walmart,Groceries,5411,141.51,2023-04-27
City Park,Entertainment,7991,45.11,2023-03-10
Aliexpress,Online Purchases,5968,158.25,2023-03-26
Office Depot,Misc,5999,407.08,2023-03-24
Home Depot,Misc,5311,37.04,2023-04-19
Yellow Cab,Transportation,4121,66.67,2023-03-09
H&M,Clothes,5651,154.16,2023-04-02
Nintendo,Electronics,5733,403.25,2023-03-27
Subway,Food,5814,76.91,2023-04-29
Samsung,Electronics,5732,1874.21,2023-03-21
Tasty's,Food,5499,62.26,2023-03-24
ABC Water,Utilities,4899,65.29,2023-03-09
XYZ Electricity,Utilities,4900,52.13,2023-04-13
Best Buy,Electronics,5732,1733.52,2023-03-20
McDonalds,Food,5814,84.61,2023-03-23
ABC Apartments,Rent,6513,300,2023-04-18
H&M,Clothes,5139,59.09,2023-03-20
Main Street Condos,Rent,6513,300,2023-04-22
Target,Clothes,5699,161.37,2023-03-08
Amazon,Clothes,5139,151.73,2023-05-01
Main Street Condos,Rent,6513,300,2023-03-17
Regal Cinemas,Entertainment,7998,80.73,2023-03-07
Juicy,Food,5499,16.13,2023-03-14
Yellow Cab,Transportation,4121,93.15,2023-04-27
Uptown Rentals,Rent,6513,400,2023-03-02
CVS,Pharmaceuticals,5912,499.54,2023-04-08
McDonalds,Food,5499,59.83,2023-03-31
Dollar General,Groceries,5411,23.13,2023-04-05
Ikea,Misc,5399,491.41,2023-03-16
Sony,Electronics,5732,343.63,2023-03-16
Aliexpress,Online Purchases,5968,399.08,2023-04-02
PQR Internet,Utilities,4900,177.1,2023-04-12
KFC,Food,5814,34.25,2023-04-03
CVS,Pharmaceuticals,5912,289.81,2023-04-03
Hilo,Groceries,5441,29.86,2023-03-19
Main Street Condos,Rent,6513,300,2023-03-16
Tobu Aquarium,Entertainment,7996,46.12,2023-04-10
Amazon,Pharmaceuticals,5912,122.87,2023-03-18
XYZ Electricity,Utilities,4900,90.1,2023-04-09
eBay,Online Purchases,5968,272.3,2023-04-21
Walmart,Electronics,5734,1998.14,2023-04-25
Walmart,Food,5499,29.85,2023-04-18
Trader joe's,Groceries,5462,88.0,2023-03-18
MNO Gas,Utilities,4900,96.54,2023-03-15
Yellow Cab,Transportation,4121,67.98,2023-03-11
Walmart,Pharmaceuticals,5912,142.15,2023-03-28
Main Street Condos,Rent,6513,300,2023-03-06
Gyomu Supermarket,Groceries,5422,46.86,2023-03-08
Ikea,Misc,5399,362.11,2023-03-14
ABC Apartments,Rent,6513,300,2023-03-20
XYZ Housing,Rent,6513,300,2023-03-16
Six Flags,Entertainment,7998,106.16,2023-03-14
Tobu Aquarium,Entertainment,7832,103.16,2023-03-14
Bed Bath & Beyond,Misc,5311,196.22,2023-03-23
Walmart.com,Misc,5399,353.89,2023-04-12
Apple Store,Electronics,5732,1294.51,2023-04-20
Tobu,Groceries,5462,42.69,2023-03-04
Best Buy,Electronics,5734,1407.6,2023-04-15
PQR Internet,Utilities,4900,69.97,2023-03-08
Walmart,Groceries,5411,76.6,2023-04-24
Puma,Clothes,5699,35.26,2023-04-14
Samsung,Electronics,5732,1664.01,2023-04-22
MNO Gas,Utilities,4900,140.12,2023-03-22
CVS,Pharmaceuticals,5912,221.89,2023-04-13
Six Flags,Entertainment,7832,30.83,2023-04-01
City Bus,Transportation,4121,92.09,2023-03-08
Aliexpress,Electronics,5732,380.53,2023-03-06
Amazon,Misc,5999,186.11,2023-04-18
Tobu Zoo,Entertainment,7998,106.94,2023-03-02
Lyft,Transportation,4121,54.74,2023-04-11
Tobu Zoo,Entertainment,7991,53.62,2023-03-12
Subway,Food,5814,82.98,2023-04-06
Ikea,Misc,5311,328.33,2023-03-30
Puma,Clothes,5137,112.29,2023-03-21
XYZ Housing,Rent,6513,300,2023-04-19
Gyomu Supermarket,Groceries,5441,15.12,2023-04-18
Museum of History,Entertainment,7998,77.77,2023-03-15
GU,Clothes,5139,215.74,2023-04-27
Tobu Aquarium,Entertainment,7832,84.04,2023-03-13
Macy's,Clothes,5137,50.48,2023-03-07
XYZ Housing,Rent,6513,400,2023-04-23
Six Flags,Entertainment,7998,20.24,2023-03-26
Uptown Rentals,Rent,6513,300,2023-03-22
Target,Food,5499,113.59,2023-04-05
Main Street Condos,Rent,6513,300,2023-04-17
Zara,Clothes,5699,273.95,2023-03-13
Aliexpress,Electronics,5734,459.29,2023-04-19
Aliexpress,Electronics,5733,447.99,2023-03-08
AMC Theaters,Entertainment,7998,99.16,2023-03-26
Aliexpress,Misc,5311,124.67,2023-03-03
Lyft,Transportation,4121,91.64,2023-04-12
AMC Theaters,Entertainment,7832,30.54,2023-03-15
Nintendo,Electronics,5732,1116.62,2023-03-03
Amazon,Pharmaceuticals,5912,485.23,2023-04-16
Yellow Cab,Transportation,4121,89.92,2023-03-14
Uber,Transportation,4121,70.4,2023-03-11
Walmart,Pharmaceuticals,5912,77.61,2023-03-15
Amazon,Electronics,5733,224.62,2023-03-05
Sony,Electronics,5733,675.74,2023-03-22
Nike,Clothes,5651,284.46,2023-03-03
ABC Apartments,Rent,6513,400,2023-03-18
Uber,Transportation,4121,33.87,2023-03-15
City Bus,Transportation,4121,49.3,2023-04-23
Main Street Condos,Rent,6513,400,2023-03-28
MNO Gas,Utilities,4900,188.11,2023-03-17
CVS,Pharmaceuticals,5912,420.52,2023-04-17
CVS,Pharmaceuticals,5912,19.45,2023-03-09
Puma,Clothes,5139,212.84,2023-04-26
Subway,Food,5499,82.45,2023-03-20
Office Depot,Misc,5999,24.08,2023-03-18
Adidas,Clothes,5699,139.06,2023-03-23
Nintendo,Electronics,5732,637.75,2023-03-07
Ikea,Misc,5331,462.15,2023-03-06
ABC Apartments,Rent,6513,400,2023-04-29
Megamart,Groceries,5422,136.28,2023-03-11
Lyft,Transportation,4121,94.22,2023-04-30
Bed Bath & Beyond,Misc,5399,194.92,2023-03-25
H&M,Clothes,5651,155.98,2023-03-24
PQR Internet,Utilities,4900,183.05,2023-04-09
ABC Apartments,Rent,6513,300,2023-04-17
Tasty's,Food,5814,12.94,2023-04-19
Juicy,Food,5814,120.13,2023-04-27
City Park,Entertainment,7998,103.27,2023-03-02
ABC Apartments,Rent,6513,400,2023-03-15
Home Depot,Misc,5999,250.47,2023-04-14
Amazon,Clothes,5651,28.09,2023-04-12
KFC,Food,5499,78.54,2023-03-06
Main Street Condos,Rent,6513,300,2023-04-03
Macy's,Clothes,5139,205.74,2023-04-15
Donquiote,Clothes,5699,25.4,2023-03-21
MNO Gas,Utilities,4900,56.53,2023-03-21
Aliexpress,Misc,5999,24.78,2023-04-25
Walmart,Groceries,5462,112.15,2023-03-12
Amazon,Electronics,5733,1834.51,2023-03-21
Tobu Aquarium,Entertainment,7832,59.51,2023-04-11
Best Buy,Electronics,5734,1887.84,2023-03-22
Lyft,Transportation,4121,87.05,2023-04-27
Target,Groceries,5411,36.09,2023-04-23
Best Buy,Electronics,5732,887.25,2023-03-13
ABC Apartments,Rent,6513,300,2023-03-14
Walmart.com,Misc,5311,312.66,2023-03-10
Target,Clothes,5137,94.07,2023-03-24
Gyomu Supermarket,Groceries,5411,78.15,2023-04-01
Walmart,Pharmaceuticals,5912,434.96,2023-03-15
Amazon,Online Purchases,5968,442.91,2023-04-29
Main Street Condos,Rent,6513,400,2023-03-12
Amazon,Electronics,5732,1319.48,2023-04-01
Amazon,Groceries,5411,20.92,2023-03-24
ABC Apartments,Rent,6513,400,2023-04-30
Uptown Rentals,Rent,6513,400,2023-04-07
Dollar General,Groceries,5441,24.55,2023-04-12
Aliexpress,Electronics,5733,199.24,2023-03-09
Macy's,Clothes,5651,213.83,2023-04-23
XYZ Housing,Rent,6513,400,2023-04-10
Gap,Clothes,5651,151.55,2023-03-22
Zara,Clothes,5139,110.99,2023-04-01
Yellow Cab,Transportation,4121,19.4,2023-03-25
Walmart,Groceries,5462,49.36,2023-04-26
Bed Bath & Beyond,Misc,5311,414.02,2023-03-03
Starbucks,Food,5814,5.91,2023-04-27
MNO Gas,Utilities,4899,123.36,2023-03-27
Starbucks,Food,5814,59.53,2023-04-30
Nintendo,Electronics,5732,1565.15,2023-04-17
Aliexpress,Misc,5311,395.84,2023-03-02
Aliexpress,Online Purchases,5968,387.86,2023-03-30
AMC Theaters,Entertainment,7996,54.92,2023-03-18
ABC Apartments,Rent,6513,400,2023-04-22
Uptown Rentals,Rent,6513,300,2023-04-19
PQR Internet,Utilities,4899,115.58,2023-04-14
City Bus,Transportation,4121,28.57,2023-03-02
AMC Theaters,Entertainment,7998,86.24,2023-03-12
ABC Water,Utilities,4899,125.98,2023-04-15
Museum of History,Entertainment,7996,20.73,2023-03-06
Home Depot,Misc,5311,287.79,2023-04-10
Tasty's,Food,5499,127.75,2023-03-19
Uptown Rentals,Rent,6513,400,2023-05-01
Uber,Transportation,4121,51.09,2023-03-04
XYZ Housing,Rent,6513,300,2023-04-17
eBay,Online Purchases,5968,236.45,2023-03-28
Walmart,Pharmaceuticals,5912,200.19,2023-03-28
Regal Cinemas,Entertainment,7832,89.52,2023-04-25
Tobu Zoo,Entertainment,7991,100.69,2023-03-01
CVS,Pharmaceuticals,5912,260.02,2023-03-28
Amazon,Electronics,5732,313.32,2023-04-02
ABC Apartments,Rent,6513,400,2023-04-25
KFC,Food,5814,62.44,2023-04-29
Macy's,Clothes,5651,187.6,2023-03-11
Uber,Transportation,4121,74.71,2023-03-10
MNO Gas,Utilities,4900,135.06,2023-04-18
XYZ Housing,Rent,6513,300,2023-03-22
Walmart,Pharmaceuticals,5912,455.47,2023-03-16
Walmart,Pharmaceuticals,5912,464.84,2023-03-12
Megamart,Groceries,5411,47.45,2023-03-07
Home Depot,Misc,5399,392.06,2023-04-08
Puma,Clothes,5699,203.11,2023-04-16
Best Buy,Electronics,5733,278.64,2023-04-26
ABC Apartments,Rent,6513,400,2023-03-20
PQR Internet,Utilities,4900,193.5,2023-03-30
Subway,Food,5814,58.11,2023-03-22
MNO Gas,Utilities,4900,103.83,2023-04-16
Target,Online Purchases,5192,54.62,2023-04-20
Yellow Cab,Transportation,4121,50.64,2023-04-25
Tasty's,Food,5499,63.86,2023-04-12
Walmart,Online Purchases,5968,377.7,2023-03-13
Main Street Condos,Rent,6513,400,2023-04-30
Amazon,Online Purchases,5192,148.13,2023-03-24
Ikea,Misc,5311,72.69,2023-03-21
Target,Groceries,5411,77.43,2023-03-13
Walmart,Pharmaceuticals,5912,462.48,2023-04-04
City Bus,Transportation,4121,90.15,2023-03-05
Best Buy,Electronics,5732,1580.67,2023-04-24
Six Flags,Entertainment,7991,64.67,2023-03-13
eBay,Online Purchases,5968,353.55,2023-03-23
Lyft,Transportation,4121,14.76,2023-04-12
Adidas,Clothes,5651,77.86,2023-03-17
Nintendo,Electronics,5732,954.27,2023-03-30
Lyft,Transportation,4121,62.33,2023-04-04
CVS,Pharmaceuticals,5912,323.98,2023-03-29
Bed Bath & Beyond,Misc,5311,71.03,2023-04-23
Best Buy,Electronics,5732,678.0,2023-04-18
Apple Store,Electronics,5732,710.4,2023-03-21
Office Depot,Misc,5399,127.56,2023-04-14
Walmart.com,Misc,5311,74.72,2023-03-31
City Bus,Transportation,4121,66.86,2023-04-26
Adidas,Clothes,5139,67.68,2023-04-17
City Bus,Transportation,4121,10.12,2023-04-26
Lyft,Transportation,4121,18.05,2023-04-21
GU,Clothes,5651,219.29,2023-03-31
Walmart,Online Purchases,5192,38.44,2023-03-07
ABC Water,Utilities,4900,122.14,2023-04-14
Amazon,Pharmaceuticals,5912,196.07,2023-04-24
Walmart,Pharmaceuticals,5912,9.98,2023-03-22
Aliexpress,Electronics,5733,892.23,2023-04-27
Walmart,Food,5499,30.84,2023-03-14
MNO Gas,Utilities,4899,104.88,2023-03-20
Target,Electronics,5732,1302.77,2023-04-07
Target,Online Purchases,5192,115.7,2023-03-24
Nintendo,Electronics,5732,1880.45,2023-03-12
XYZ Electricity,Utilities,4899,144.17,2023-03-25
Burger King,Food,5814,69.49,2023-04-30
MNO Gas,Utilities,4900,156.01,2023-04-09
Tasty's,Food,5499,76.37,2023-03-21
AMC Theaters,Entertainment,7832,48.81,2023-04-05
Uber,Transportation,4121,60.48,2023-04-01
Aliexpress,Electronics,5733,1912.37,2023-04-20
Donquiote,Clothes,5699,163.72,2023-04-02
XYZ Electricity,Utilities,4899,69.55,2023-03-18
Amazon,Groceries,5411,14.89,2023-03-16
City Bus,Transportation,4121,15.64,2023-04-14
MNO Gas,Utilities,4900,142.35,2023-04-05
Uber,Transportation,4121,72.94,2023-04-11
Tobu,Groceries,5422,89.09,2023-04-07
Burger King,Food,5814,75.1,2023-04-21
XYZ Electricity,Utilities,4900,192.99,2023-03-07
ABC Apartments,Rent,6513,400,2023-03-15
Adidas,Clothes,5699,89.8,2023-03-12
ABC Apartments,Rent,6513,400,2023-03-24
Juicy,Food,5499,99.25,2023-03-05
Amazon,Pharmaceuticals,5912,349.07,2023-04-11
PQR Internet,Utilities,4899,77.33,2023-05-01
Macy's,Clothes,5137,254.27,2023-04-23
Amazon,Misc,5999,13.88,2023-04-12
eBay,Online Purchases,5968,329.23,2023-04-20
Trader joe's,Groceries,5441,128.92,2023-04-13
KFC,Food,5499,73.67,2023-03-16
Megamart,Groceries,5462,110.86,2023-04-09
Trader joe's,Groceries,5411,33.44,2023-03-20
Uber,Transportation,4121,30.47,2023-03-28
Lyft,Transportation,4121,39.43,2023-04-25
XYZ Housing,Rent,6513,400,2023-03-04
McDonalds,Food,5814,121.39,2023-03-30
Walmart.com,Misc,5999,436.22,2023-04-08
Main Street Condos,Rent,6513,400,2023-03-18
Museum of History,Entertainment,7996,50.72,2023-03-22
PQR Internet,Utilities,4899,100.7,2023-04-11
Six Flags,Entertainment,7991,33.12,2023-03-28
ABC Water,Utilities,4900,96.51,2023-03-14
XYZ Electricity,Utilities,4899,102.84,2023-05-01
Walmart,Clothes,5651,41.52,2023-04-26
Nintendo,Electronics,5733,1664.49,2023-04-23
CVS,Pharmaceuticals,5912,257.68,2023-03-05
Aliexpress,Electronics,5733,574.96,2023-04-08
Amazon,Misc,5999,304.8,2023-04-01
CVS,Pharmaceuticals,5912,419.64,2023-03-24
Target,Online Purchases,5192,287.56,2023-04-24
Amazon,Electronics,5734,1551.41,2023-04-20
eBay,Online Purchases,5968,218.1,2023-03-29
Tobu Zoo,Entertainment,7996,86.87,2023-03-30
Megamart,Groceries,5422,108.01,2023-03-22
Yellow Cab,Transportation,4121,18.77,2023-04-29
Bed Bath & Beyond,Misc,5331,400.74,2023-04-22
Target,Food,5499,131.12,2023-04-09
Uniqlo,Clothes,5139,57.86,2023-03-04
eBay,Online Purchases,5192,200.11,2023-05-01
Walmart,Food,5814,71.94,2023-04-02
Target,Groceries,5411,10.4,2023-03-14
Main Street Condos,Rent,6513,300,2023-03-04
Aliexpress,Online Purchases,5192,159.37,2023-04-28
Walmart,Clothes,5651,35.61,2023-03-22
XYZ Electricity,Utilities,4900,111.69,2023-03-03
Aliexpress,Misc,5311,208.2,2023-04-26
Walmart,Food,5499,40.96,2023-03-01
McDonalds,Food,5814,138.93,2023-03-24
Office Depot,Misc,5331,390.65,2023-04-05
Trader joe's,Groceries,5422,145.9,2023-04-02
Regal Cinemas,Entertainment,7998,67.63,2023-04-11
Amazon,Groceries,5441,16.42,2023-04-04
Dollar General,Groceries,5462,28.72,2023-03-30
Amazon,Clothes,5139,91.43,2023-04-10
Aliexpress,Misc,5311,101.27,2023-03-18
Amazon,Online Purchases,5192,97.74,2023-04-04
City Park,Entertainment,7832,89.61,2023-03-19
Uptown Rentals,Rent,6513,300,2023-03-12
Subway,Food,5814,85.31,2023-03-26
Lyft,Transportation,4121,54.52,2023-03-08
H&M,Clothes,5699,54.83,2023-03-06
MNO Gas,Utilities,4899,155.35,2023-04-21
Target.com,Misc,5331,352.94,2023-04-07
Target,Food,5499,133.03,2023-04-18
MNO Gas,Utilities,4900,153.46,2023-03-15
XYZ Electricity,Utilities,4899,133.66,2023-04-15
Target,Groceries,5462,116.79,2023-04-11
Tobu Zoo,Entertainment,7996,117.55,2023-03-08
City Park,Entertainment,7996,56.17,2023-04-03
McDonalds,Food,5814,10.17,2023-03-30
Main Street Condos,Rent,6513,400,2023-03-09
XYZ Housing,Rent,6513,400,2023-04-18
Walmart,Groceries,5411,28.65,2023-03-10
Main Street Condos,Rent,6513,300,2023-03-08
Uptown Rentals,Rent,6513,400,2023-04-16
Office Depot,Misc,5999,344.63,2023-04-22
Amazon,Online Purchases,5192,390.18,2023-03-16
Yellow Cab,Transportation,4121,27.98,2023-04-19
Amazon,Online Purchases,5968,213.02,2023-03-01
Adidas,Clothes,5139,78.02,2023-03-03
Best Buy,Electronics,5734,1296.38,2023-03-06
GU,Clothes,5651,288.93,2023-04-08
Burger King,Food,5814,55.34,2023-04-23
Target,Groceries,5441,93.33,2023-03-21
Home Depot,Misc,5311,141.87,2023-03-14
CVS,Pharmaceuticals,5912,414.13,2023-04-27
XYZ Electricity,Utilities,4900,97.88,2023-03-03
Walmart,Online Purchases,5968,226.31,2023-03-17
ABC Apartments,Rent,6513,400,2023-03-18
XYZ Housing,Rent,6513,300,2023-04-14
ABC Apartments,Rent,6513,300,2023-04-16
Target.com,Misc,5999,153.7,2023-03-03
Starbucks,Food,5814,93.75,2023-04-14
MNO Gas,Utilities,4899,100.05,2023-03-12
Walmart,Pharmaceuticals,5912,371.47,2023-04-26
Amazon,Pharmaceuticals,5912,268.61,2023-04-16
Walmart,Online Purchases,5968,391.05,2023-04-28
Tobu Zoo,Entertainment,7991,17.44,2023-03-31
Lyft,Transportation,4121,95.04,2023-04-10
Uniqlo,Clothes,5139,147.41,2023-03-30
AMC Theaters,Entertainment,7996,76.14,2023-03-11
XYZ Housing,Rent,6513,300,2023-03-13
CVS,Pharmaceuticals,5912,153.25,2023-04-06
City Bus,Transportation,4121,87.2,2023-03-04
City Bus,Transportation,4121,43.04,2023-03-30
Aliexpress,Electronics,5732,459.37,2023-04-16
Apple Store,Electronics,5733,1333.73,2023-03-04
Walmart,Food,5499,35.45,2023-03-10
Walmart,Groceries,5411,70.42,2023-04-06
MNO Gas,Utilities,4900,143.97,2023-04-02
Uniqlo,Clothes,5699,288.36,2023-03-01
City Park,Entertainment,7998,27.86,2023-04-28
Main Street Condos,Rent,6513,400,2023-04-01
Main Street Condos,Rent,6513,300,2023-04-16
Tobu,Groceries,5422,147.22,2023-04-25
Six Flags,Entertainment,7996,88.04,2023-04-12
Lyft,Transportation,4121,41.25,2023-04-02
Apple Store,Electronics,5734,1808.13,2023-04-04
Aliexpress,Online Purchases,5192,340.71,2023-04-16
CVS,Pharmaceuticals,5912,338.55,2023-04-14
Aliexpress,Online Purchases,5968,112.16,2023-03-30
ABC Water,Utilities,4899,138.82,2023-03-06
Uptown Rentals,Rent,6513,300,2023-03-19
CVS,Pharmaceuticals,5912,25.2,2023-04-20
XYZ Electricity,Utilities,4900,177.46,2023-04-07
Main Street Condos,Rent,6513,300,2023-04-13
eBay,Online Purchases,5968,16.28,2023-03-25
Home Depot,Misc,5311,374.71,2023-04-21
Donquiote,Clothes,5139,193.51,2023-03-22
Amazon,Clothes,5651,256.71,2023-04-25
Donquiote,Clothes,5699,49.04,2023-04-09
ABC Apartments,Rent,6513,400,2023-03-05
AMC Theaters,Entertainment,7996,61.21,2023-04-05
Sony,Electronics,5733,1709.79,2023-03-15
Aliexpress,Online Purchases,5192,401.17,2023-03-15
Target.com,Misc,5311,458.42,2023-03-11
Burger King,Food,5499,49.27,2023-04-26
Amazon,Pharmaceuticals,5912,279.22,2023-04-26
Lyft,Transportation,4121,91.58,2023-04-10
Megamart,Groceries,5422,136.4,2023-04-08
XYZ Housing,Rent,6513,300,2023-03-27
Walmart,Food,5814,94.14,2023-03-21
XYZ Housing,Rent,6513,400,2023-03-01
Megamart,Groceries,5441,90.11,2023-04-23
Tobu Aquarium,Entertainment,7996,66.47,2023-04-02
Best Buy,Electronics,5732,1019.92,2023-04-01
Walmart,Pharmaceuticals,5912,346.68,2023-03-27
Walmart,Electronics,5733,1533.0,2023-04-11
AMC Theaters,Entertainment,7991,34.98,2023-04-03
Uniqlo,Clothes,5651,112.51,2023-04-05
Subway,Food,5814,115.19,2023-04-25
Amazon,Misc,5311,353.4,2023-04-04
Best Buy,Electronics,5732,257.74,2023-05-01
ABC Water,Utilities,4900,160.56,2023-03-04
Samsung,Electronics,5732,734.27,2023-04-01
Yellow Cab,Transportation,4121,63.52,2023-04-26
Amazon,Clothes,5137,142.31,2023-04-26
Bed Bath & Beyond,Misc,5311,122.44,2023-03-23
Hilo,Groceries,5422,94.37,2023-03-16
Dollar General,Groceries,5441,6.57,2023-03-27
Target,Online Purchases,5192,223.98,2023-03-31
eBay,Online Purchases,5968,43.53,2023-03-18
Amazon,Electronics,5733,1873.37,2023-03-02
CVS,Pharmaceuticals,5912,14.78,2023-03-31
XYZ Housing,Rent,6513,400,2023-03-09
GU,Clothes,5137,261.14,2023-03-25
Tobu Zoo,Entertainment,7832,53.39,2023-03-03
Amazon,Groceries,5422,15.7,2023-03-25
Panasonic,Electronics,5734,975.84,2023-04-25
Walmart,Clothes,5651,94.45,2023-04-25
Amazon,Online Purchases,5968,245.52,2023-03-08
GU,Clothes,5699,119.03,2023-03-08
PQR Internet,Utilities,4899,171.56,2023-03-24
Trader joe's,Groceries,5441,121.31,2023-04-12
Best Buy,Electronics,5734,1774.82,2023-03-04
Apple Store,Electronics,5733,1290.39,2023-03-09
Hilo,Groceries,5462,126.97,2023-04-05
Amazon,Pharmaceuticals,5912,367.04,2023-03-16
Samsung,Electronics,5734,649.44,2023-04-19
CVS,Pharmaceuticals,5912,498.31,2023-03-30
Puma,Clothes,5139,58.1,2023-04-03
XYZ Housing,Rent,6513,400,2023-03-16
City Bus,Transportation,4121,51.26,2023-03-02
XYZ Electricity,Utilities,4899,140.41,2023-03-26
Lyft,Transportation,4121,69.39,2023-04-03
Panasonic,Electronics,5732,1955.77,2023-04-10
Amazon,Groceries,5422,141.26,2023-04-29
Uptown Rentals,Rent,6513,400,2023-03-27
ABC Apartments,Rent,6513,400,2023-03-09
eBay,Online Purchases,5968,274.93,2023-03-31
Walmart,Groceries,5441,120.3,2023-04-24
Bed Bath & Beyond,Misc,5331,8.15,2023-04-02
Walmart,Groceries,5441,7.6,2023-03-05
Bed Bath & Beyond,Misc,5311,380.73,2023-03-24
PQR Internet,Utilities,4899,131.76,2023-03-07
Nintendo,Electronics,5732,460.3,2023-03-13
Aliexpress,Online Purchases,5968,364.77,2023-03-26
AMC Theaters,Entertainment,7996,39.34,2023-04-08
eBay,Online Purchases,5968,198.75,2023-03-17
Home Depot,Misc,5331,194.48,2023-04-11
Walmart,Electronics,5732,1879.17,2023-03-19
Adidas,Clothes,5651,72.45,2023-03-21
Best Buy,Electronics,5733,1230.33,2023-03-12
City Bus,Transportation,4121,28.54,2023-03-08
Tasty's,Food,5814,30.83,2023-04-13
Aliexpress,Electronics,5733,702.52,2023-03-25
Hilo,Groceries,5422,94.54,2023-04-12
Sony,Electronics,5734,1121.95,2023-03-13
Office Depot,Misc,5311,16.13,2023-04-02
XYZ Electricity,Utilities,4899,163.22,2023-04-26
CVS,Pharmaceuticals,5912,438.12,2023-04-13
CVS,Pharmaceuticals,5912,118.15,2023-04-07
Apple Store,Electronics,5734,538.24,2023-03-20
Amazon,Online Purchases,5192,69.07,2023-04-09
Home Depot,Misc,5999,371.0,2023-03-26
Hilo,Groceries,5422,107.19,2023-04-17
Aliexpress,Online Purchases,5968,252.72,2023-03-08
Burger King,Food,5814,72.09,2023-04-30
Aliexpress,Electronics,5733,278.74,2023-03-17
Nike,Clothes,5699,132.05,2023-04-15
Amazon,Electronics,5732,58.51,2023-04-07
eBay,Online Purchases,5192,488.86,2023-03-23
Walmart,Pharmaceuticals,5912,207.06,2023-04-15
KFC,Food,5499,67.13,2023-04-17
Uniqlo,Clothes,5699,106.56,2023-04-27
Donquiote,Clothes,5651,202.19,2023-04-20
Sony,Electronics,5732,396.74,2023-03-12
Macy's,Clothes,5139,205.2,2023-03-30
Amazon,Pharmaceuticals,5912,94.3,2023-03-03
Macy's,Clothes,5139,89.96,2023-03-23
Gyomu Supermarket,Groceries,5462,101.42,2023-03-30
Panasonic,Electronics,5733,564.49,2023-04-06
Panasonic,Electronics,5734,602.28,2023-03-24
Tobu Zoo,Entertainment,7996,68.62,2023-04-13
Megamart,Groceries,5441,82.38,2023-03-16
Megamart,Groceries,5462,147.31,2023-04-02
Hilo,Groceries,5441,6.2,2023-03-20
Amazon,Misc,5331,247.24,2023-04-04
Office Depot,Misc,5311,187.53,2023-04-10
Walmart,Groceries,5422,44.84,2023-04-29
Trader joe's,Groceries,5462,9.06,2023-03-18
Target,Electronics,5732,323.65,2023-03-12
Yellow Cab,Transportation,4121,32.41,2023-04-28
Walmart,Pharmaceuticals,5912,182.1,2023-04-04
Target,Food,5814,111.08,2023-03-05
Walmart,Pharmaceuticals,5912,495.12,2023-03-11
Donquiote,Clothes,5699,172.54,2023-04-01
Aliexpress,Electronics,5734,1155.01,2023-03-25
City Bus,Transportation,4121,96.1,2023-03-13
Amazon,Pharmaceuticals,5912,56.59,2023-04-25
Target,Electronics,5732,1571.39,2023-03-09
Bed Bath & Beyond,Misc,5331,195.63,2023-03-02
Aliexpress,Clothes,5137,37.75,2023-04-27
CVS,Pharmaceuticals,5912,154.11,2023-03-06
Gyomu Supermarket,Groceries,5441,54.02,2023-04-16
CVS,Pharmaceuticals,5912,200.43,2023-03-26
Gap,Clothes,5139,87.62,2023-04-13
XYZ Electricity,Utilities,4899,197.67,2023-03-18
Walmart,Electronics,5734,104.68,2023-04-09
Amazon,Online Purchases,5192,21.28,2023-04-15
Megamart,Groceries,5462,17.1,2023-03-12
Best Buy,Electronics,5734,164.97,2023-04-09
Tobu Aquarium,Entertainment,7998,47.14,2023-04-03
XYZ Electricity,Utilities,4900,180.03,2023-04-12
Uber,Transportation,4121,78.79,2023-04-11
Aliexpress,Clothes,5137,180.75,2023-03-31
Trader joe's,Groceries,5441,77.45,2023-03-04
Target,Clothes,5137,99.94,2023-04-21
XYZ Electricity,Utilities,4899,112.39,2023-03-03
XYZ Electricity,Utilities,4899,140.35,2023-03-05
Uber,Transportation,4121,38.15,2023-04-24
Aliexpress,Online Purchases,5192,496.54,2023-03-27
Target,Clothes,5137,90.44,2023-04-26
Home Depot,Misc,5331,215.97,2023-03-12
City Bus,Transportation,4121,16.17,2023-04-12
Walmart.com,Misc,5331,227.85,2023-03-18
Sony,Electronics,5732,381.34,2023-04-29
Panasonic,Electronics,5733,1796.28,2023-04-04
Walmart,Pharmaceuticals,5912,494.0,2023-04-30
ABC Apartments,Rent,6513,300,2023-04-14
Starbucks,Food,5814,94.54,2023-03-09
Home Depot,Misc,5311,99.76,2023-04-03
Amazon,Electronics,5734,965.07,2023-03-09
Walmart,Pharmaceuticals,5912,313.42,2023-04-25
Best Buy,Electronics,5734,165.36,2023-04-05
Museum of History,Entertainment,7832,10.26,2023-03-08
ABC Apartments,Rent,6513,400,2023-03-19
ABC Apartments,Rent,6513,400,2023-04-14
Walmart,Online Purchases,5192,498.06,2023-03-21
Megamart,Groceries,5422,16.05,2023-04-03
Target,Clothes,5699,48.11,2023-04-05
ABC Apartments,Rent,6513,300,2023-04-20
MNO Gas,Utilities,4899,180.06,2023-03-24
Lyft,Transportation,4121,59.33,2023-04-01
Uptown Rentals,Rent,6513,300,2023-03-22
Walmart,Pharmaceuticals,5912,246.73,2023-04-27
Megamart,Groceries,5422,134.1,2023-04-08
Juicy,Food,5499,123.53,2023-03-20
Main Street Condos,Rent,6513,300,2023-04-23
XYZ Housing,Rent,6513,300,2023-04-05
Aliexpress,Online Purchases,5968,110.09,2023-04-28
KFC,Food,5814,142.29,2023-04-23
Tobu Aquarium,Entertainment,7991,101.73,2023-03-16
Amazon,Groceries,5462,56.11,2023-04-20
CVS,Pharmaceuticals,5912,77.14,2023-04-21
Regal Cinemas,Entertainment,7996,102.15,2023-04-07
Tobu Aquarium,Entertainment,7832,107.06,2023-04-24
Aliexpress,Misc,5331,167.41,2023-03-28
Tobu,Groceries,5411,93.44,2023-04-04
ABC Apartments,Rent,6513,400,2023-03-30
Amazon,Online Purchases,5968,366.16,2023-03-06
Uber,Transportation,4121,94.24,2023-03-10
CVS,Pharmaceuticals,5912,493.72,2023-03-11
ABC Water,Utilities,4899,86.1,2023-03-31
ABC Apartments,Rent,6513,300,2023-04-29
Walmart.com,Misc,5999,384.42,2023-04-29
Walmart,Pharmaceuticals,5912,140.95,2023-05-01
City Bus,Transportation,4121,29.39,2023-03-29
Main Street Condos,Rent,6513,400,2023-03-19
Walmart,Online Purchases,5192,447.13,2023-03-24
Home Depot,Misc,5399,212.07,2023-04-25
Six Flags,Entertainment,7998,71.49,2023-03-11
McDonalds,Food,5814,20.63,2023-04-28
Tasty's,Food,5499,82.55,2023-04-09
CVS,Pharmaceuticals,5912,100.3,2023-04-09
Walmart,Food,5814,13.17,2023-04-23
Tobu,Groceries,5462,7.05,2023-04-01
KFC,Food,5814,116.85,2023-04-15
ABC Apartments,Rent,6513,300,2023-03-19
Burger King,Food,5499,50.74,2023-04-24
Target,Clothes,5699,194.64,2023-03-19
Target,Electronics,5734,1185.74,2023-04-25
Tobu Zoo,Entertainment,7991,15.89,2023-04-26
CVS,Pharmaceuticals,5912,499.62,2023-03-03
Gyomu Supermarket,Groceries,5422,110.95,2023-04-29
City Park,Entertainment,7832,80.1,2023-04-06
CVS,Pharmaceuticals,5912,264.18,2023-04-01
CVS,Pharmaceuticals,5912,221.09,2023-03-21
Ikea,Misc,5399,246.7,2023-03-23
Nike,Clothes,5137,215.5,2023-03-14
Aliexpress,Misc,5399,220.8,2023-04-04
GU,Clothes,5651,41.79,2023-03-31
MNO Gas,Utilities,4900,105.52,2023-03-13
McDonalds,Food,5814,41.49,2023-03-01
Walmart,Pharmaceuticals,5912,54.88,2023-03-28
MNO Gas,Utilities,4900,78.09,2023-04-11
Uptown Rentals,Rent,6513,400,2023-03-02
Amazon,Online Purchases,5968,444.64,2023-03-15
CVS,Pharmaceuticals,5912,155.01,2023-04-02
Target,Online Purchases,5968,479.28,2023-03-26
Target,Food,5499,110.67,2023-04-12
Amazon,Groceries,5441,56.44,2023-03-25
Tobu Zoo,Entertainment,7991,80.42,2023-03-16
Burger King,Food,5499,17.88,2023-03-16
MNO Gas,Utilities,4900,105.47,2023-03-29
Yellow Cab,Transportation,4121,21.19,2023-04-18
Target,Electronics,5732,1813.52,2023-04-01
Walmart,Pharmaceuticals,5912,275.26,2023-03-08
H&M,Clothes,5651,280.4,2023-04-13
ABC Water,Utilities,4899,84.35,2023-03-02
Yellow Cab,Transportation,4121,11.0,2023-04-16
Target,Online Purchases,5192,43.5,2023-03-25
Juicy,Food,5814,29.86,2023-04-01
Juicy,Food,5499,108.84,2023-04-29
Regal Cinemas,Entertainment,7991,41.4,2023-03-05
Aliexpress,Online Purchases,5968,203.36,2023-03-07
Amazon,Pharmaceuticals,5912,113.69,2023-03-06
Lyft,Transportation,4121,49.81,2023-04-16
Aliexpress,Electronics,5733,70.37,2023-03-09
Walmart,Groceries,5441,146.95,2023-04-15
Aliexpress,Online Purchases,5968,178.88,2023-03-10
GU,Clothes,5699,74.12,2023-04-03
Uptown Rentals,Rent,6513,400,2023-04-14
Macy's,Clothes,5651,123.49,2023-04-16
Sony,Electronics,5732,1698.18,2023-03-23
City Park,Entertainment,7991,20.71,2023-04-12
Aliexpress,Misc,5999,170.67,2023-04-03
Ikea,Misc,5399,270.05,2023-03-04
Donquiote,Clothes,5699,257.64,2023-03-27
City Bus,Transportation,4121,24.22,2023-03-21
City Bus,Transportation,4121,44.2,2023-04-30
CVS,Pharmaceuticals,5912,390.72,2023-03-16
Target,Clothes,5137,105.46,2023-04-30
Amazon,Electronics,5732,627.19,2023-04-26
Uber,Transportation,4121,26.91,2023-04-18
Target,Online Purchases,5192,97.23,2023-04-12
Bed Bath & Beyond,Misc,5331,341.81,2023-03-19
Uniqlo,Clothes,5139,276.66,2023-04-06
Target,Electronics,5733,1422.3,2023-04-26
Aliexpress,Clothes,5699,189.42,2023-03-10
Lyft,Transportation,4121,53.63,2023-04-03
Starbucks,Food,5814,122.79,2023-03-14
Juicy,Food,5499,36.5,2023-03-13
Walmart,Pharmaceuticals,5912,449.33,2023-03-10
Main Street Condos,Rent,6513,400,2023-03-27
eBay,Online Purchases,5968,256.03,2023-03-13
XYZ Housing,Rent,6513,400,2023-04-20
Amazon,Groceries,5422,84.74,2023-04-28
ABC Water,Utilities,4900,128.03,2023-03-21
Tasty's,Food,5499,133.57,2023-04-18
Lyft,Transportation,4121,12.53,2023-04-30
CVS,Pharmaceuticals,5912,121.09,2023-04-11
Best Buy,Electronics,5733,1569.56,2023-03-14
Amazon,Clothes,5699,26.37,2023-04-20
H&M,Clothes,5651,269.38,2023-03-15
Donquiote,Clothes,5137,128.54,2023-03-03
Target,Food,5814,107.29,2023-03-18
Bed Bath & Beyond,Misc,5999,153.87,2023-04-10
Bed Bath & Beyond,Misc,5399,341.89,2023-03-04
City Park,Entertainment,7998,61.0,2023-03-17
Subway,Food,5499,57.8,2023-03-07
Aliexpress,Online Purchases,5192,159.69,2023-03-13
Walmart,Online Purchases,5192,197.74,2023-03-02
Starbucks,Food,5814,28.91,2023-04-29
Amazon,Online Purchases,5968,124.38,2023-04-04
Burger King,Food,5499,123.94,2023-04-19
Dollar General,Groceries,5411,117.3,2023-05-01
Gyomu Supermarket,Groceries,5422,87.63,2023-04-30
Aliexpress,Online Purchases,5192,27.45,2023-04-25
Walmart,Food,5499,25.12,2023-04-15
Office Depot,Misc,5311,204.99,2023-03-03
Target,Groceries,5411,66.57,2023-04-29
eBay,Online Purchases,5968,309.69,2023-03-25
Apple Store,Electronics,5732,74.73,2023-03-04
Uptown Rentals,Rent,6513,400,2023-04-13
Starbucks,Food,5814,116.61,2023-03-20
Tobu Zoo,Entertainment,7996,55.24,2023-03-05
Office Depot,Misc,5331,489.13,2023-03-16
Amazon,Pharmaceuticals,5912,93.77,2023-04-02
Starbucks,Food,5499,27.37,2023-04-28
eBay,Online Purchases,5192,235.97,2023-04-03
Tasty's,Food,5499,84.5,2023-03-27
Main Street Condos,Rent,6513,300,2023-04-05
Walmart,Pharmaceuticals,5912,367.32,2023-03-11
Home Depot,Misc,5999,247.83,2023-03-31
Lyft,Transportation,4121,89.11,2023-03-04
MNO Gas,Utilities,4899,66.56,2023-04-20
Museum of History,Entertainment,7996,97.69,2023-03-09
MNO Gas,Utilities,4899,57.96,2023-03-16
AMC Theaters,Entertainment,7991,56.81,2023-03-17
Target,Food,5499,5.64,2023-03-31
Amazon,Online Purchases,5968,315.54,2023-03-11
Target,Electronics,5732,1803.49,2023-03-07
Gyomu Supermarket,Groceries,5411,31.22,2023-04-09
Tobu Aquarium,Entertainment,7998,68.7,2023-03-10
Bed Bath & Beyond,Misc,5331,339.99,2023-04-08
Amazon,Online Purchases,5192,128.65,2023-05-01
Subway,Food,5499,100.56,2023-04-24
Tobu Aquarium,Entertainment,7996,71.16,2023-04-07
Tasty's,Food,5499,128.36,2023-04-03
Tobu Zoo,Entertainment,7991,78.61,2023-04-01
Aliexpress,Clothes,5137,120.26,2023-04-24
City Bus,Transportation,4121,35.06,2023-04-04
Macy's,Clothes,5699,132.18,2023-04-19
XYZ Housing,Rent,6513,300,2023-03-22
MNO Gas,Utilities,4900,138.11,2023-03-16
Museum of History,Entertainment,7832,79.22,2023-03-27
Office Depot,Misc,5311,364.67,2023-04-25
Bed Bath & Beyond,Misc,5311,224.81,2023-04-03
Tasty's,Food,5499,82.08,2023-04-08
City Bus,Transportation,4121,39.95,2023-03-26
Bed Bath & Beyond,Misc,5999,252.06,2023-03-15
Walmart,Clothes,5139,236.58,2023-04-16
Dollar General,Groceries,5441,149.39,2023-04-22
ABC Water,Utilities,4900,126.94,2023-03-04
Tasty's,Food,5814,71.28,2023-03-23
Best Buy,Electronics,5733,1751.1,2023-04-14
Tasty's,Food,5499,42.85,2023-04-06
XYZ Electricity,Utilities,4900,179.9,2023-04-26
Nike,Clothes,5137,120.95,2023-04-06
Uber,Transportation,4121,59.24,2023-03-16
Burger King,Food,5814,23.34,2023-03-09
Uptown Rentals,Rent,6513,300,2023-04-14
Burger King,Food,5499,73.28,2023-04-13
City Bus,Transportation,4121,72.08,2023-03-12
AMC Theaters,Entertainment,7991,10.58,2023-04-05
Uptown Rentals,Rent,6513,400,2023-03-23
ABC Water,Utilities,4899,71.18,2023-04-14
KFC,Food,5814,91.97,2023-04-10
CVS,Pharmaceuticals,5912,113.2,2023-03-07
Uptown Rentals,Rent,6513,400,2023-03-01
CVS,Pharmaceuticals,5912,117.91,2023-04-11
Target,Groceries,5441,53.71,2023-03-23
Walmart,Online Purchases,5968,111.52,2023-03-20
Amazon,Pharmaceuticals,5912,180.22,2023-05-01
Uber,Transportation,4121,7.11,2023-03-15
Nintendo,Electronics,5732,655.85,2023-04-21
ABC Water,Utilities,4900,124.67,2023-03-12
Uber,Transportation,4121,72.64,2023-04-02
Aliexpress,Clothes,5699,30.92,2023-03-23
Target,Clothes,5699,275.9,2023-03-04
Yellow Cab,Transportation,4121,63.42,2023-03-06
Aliexpress,Clothes,5699,172.66,2023-04-04
Walmart,Pharmaceuticals,5912,349.63,2023-04-10
ABC Apartments,Rent,6513,400,2023-03-09
Bed Bath & Beyond,Misc,5331,230.08,2023-04-03
City Bus,Transportation,4121,72.66,2023-04-28
Macy's,Clothes,5139,272.49,2023-03-26
McDonalds,Food,5814,64.66,2023-03-23
Walmart,Electronics,5732,436.4,2023-03-14
KFC,Food,5499,126.09,2023-03-25
Nintendo,Electronics,5734,1424.41,2023-03-17
Target,Groceries,5462,89.08,2023-03-01
AMC Theaters,Entertainment,7991,64.89,2023-03-09
Tasty's,Food,5499,136.62,2023-03-23
McDonalds,Food,5499,132.57,2023-04-06
Walmart.com,Misc,5999,470.17,2023-04-21
Target,Online Purchases,5968,218.55,2023-04-10
XYZ Housing,Rent,6513,400,2023-04-09
Amazon,Pharmaceuticals,5912,292.33,2023-04-21
Ikea,Misc,5331,208.44,2023-04-01
MNO Gas,Utilities,4900,62.08,2023-03-06
Amazon,Online Purchases,5968,335.88,2023-03-12
Tobu Zoo,Entertainment,7996,79.23,2023-04-20
CVS,Pharmaceuticals,5912,429.51,2023-03-23
Nintendo,Electronics,5733,1080.47,2023-04-02
City Park,Entertainment,7998,47.21,2023-04-24
MNO Gas,Utilities,4899,143.91,2023-04-10
Puma,Clothes,5651,26.99,2023-03-11
XYZ Electricity,Utilities,4899,196.12,2023-03-09
Panasonic,Electronics,5732,124.54,2023-03-06
Nike,Clothes,5137,159.49,2023-03-03
Yellow Cab,Transportation,4121,30.92,2023-04-25
CVS,Pharmaceuticals,5912,126.36,2023-04-27
City Bus,Transportation,4121,11.62,2023-03-18
XYZ Electricity,Utilities,4899,87.81,2023-04-28
MNO Gas,Utilities,4900,124.33,2023-03-22
ABC Apartments,Rent,6513,300,2023-04-05
Donquiote,Clothes,5699,289.69,2023-04-12
Yellow Cab,Transportation,4121,7.74,2023-04-08
Amazon,Pharmaceuticals,5912,238.36,2023-03-24
Lyft,Transportation,4121,98.12,2023-04-15
Walmart,Groceries,5462,18.44,2023-03-29
Yellow Cab,Transportation,4121,50.32,2023-03-24
Megamart,Groceries,5441,30.73,2023-03-31
Subway,Food,5499,122.22,2023-03-11
City Park,Entertainment,7991,48.26,2023-03-26
McDonalds,Food,5814,40.23,2023-04-10
Subway,Food,5814,75.93,2023-03-20
AMC Theaters,Entertainment,7991,53.08,2023-03-15
City Park,Entertainment,7991,65.0,2023-03-11
Gap,Clothes,5139,67.22,2023-03-12
Lyft,Transportation,4121,90.72,2023-04-13
Uber,Transportation,4121,84.12,2023-03-03
Nike,Clothes,5139,42.23,2023-04-12
Museum of History,Entertainment,7996,39.91,2023-04-14
Walmart,Pharmaceuticals,5912,112.54,2023-04-30
Gap,Clothes,5139,208.84,2023-04-09
Tobu,Groceries,5422,98.98,2023-04-28
Amazon,Misc,5399,321.33,2023-04-21
Walmart,Pharmaceuticals,5912,344.52,2023-03-28
Sony,Electronics,5733,1044.4,2023-03-17
ABC Apartments,Rent,6513,400,2023-04-13
Main Street Condos,Rent,6513,300,2023-03-07
Amazon,Online Purchases,5192,38.2,2023-03-29
Dollar General,Groceries,5411,21.31,2023-03-09
Burger King,Food,5814,11.2,2023-04-04
Dollar General,Groceries,5422,85.28,2023-03-04
Amazon,Pharmaceuticals,5912,401.45,2023-04-13
Amazon,Pharmaceuticals,5912,63.73,2023-04-04
Juicy,Food,5814,54.99,2023-03-08
Walmart,Groceries,5462,66.24,2023-03-31
Amazon,Groceries,5462,41.38,2023-04-13
Dollar General,Groceries,5462,127.39,2023-04-29
Nike,Clothes,5139,87.35,2023-03-02
Target,Food,5499,146.29,2023-04-12
Uber,Transportation,4121,16.93,2023-03-18
Uber,Transportation,4121,20.76,2023-04-05
Amazon,Online Purchases,5968,33.13,2023-04-14
XYZ Housing,Rent,6513,300,2023-03-22
KFC,Food,5499,71.96,2023-03-09
Target,Food,5814,76.95,2023-03-30
Six Flags,Entertainment,7998,112.89,2023-03-08
Juicy,Food,5499,126.31,2023-04-19
Main Street Condos,Rent,6513,400,2023-04-08
ABC Water,Utilities,4899,194.38,2023-04-15
City Bus,Transportation,4121,18.33,2023-04-02
Walmart,Online Purchases,5192,429.9,2023-03-27
Best Buy,Electronics,5733,1477.36,2023-03-23
Home Depot,Misc,5331,373.06,2023-04-11
XYZ Housing,Rent,6513,300,2023-03-14
Uber,Transportation,4121,61.12,2023-04-24
Target,Food,5814,42.31,2023-03-22
City Park,Entertainment,7998,70.09,2023-04-03
Gyomu Supermarket,Groceries,5411,83.99,2023-03-06
Amazon,Misc,5999,390.1,2023-03-11
ABC Water,Utilities,4900,141.22,2023-04-12
Sony,Electronics,5732,695.03,2023-04-13
Dollar General,Groceries,5462,115.54,2023-03-20
Gap,Clothes,5137,48.51,2023-04-20
City Park,Entertainment,7832,88.09,2023-03-16
Tobu Zoo,Entertainment,7996,24.56,2023-04-10
Tobu Aquarium,Entertainment,7991,14.38,2023-03-26
Samsung,Electronics,5734,1405.08,2023-04-12
Donquiote,Clothes,5699,147.62,2023-04-11
ABC Water,Utilities,4900,120.82,2023-03-19
CVS,Pharmaceuticals,5912,212.26,2023-04-12
Starbucks,Food,5499,106.42,2023-04-16
Best Buy,Electronics,5732,1083.11,2023-04-09
PQR Internet,Utilities,4900,137.67,2023-04-04
City Bus,Transportation,4121,23.3,2023-03-03
Walmart,Pharmaceuticals,5912,248.68,2023-04-01
Walmart,Electronics,5734,1629.58,2023-04-12
Bed Bath & Beyond,Misc,5399,448.75,2023-04-09
Home Depot,Misc,5311,281.64,2023-04-03
Nintendo,Electronics,5732,802.21,2023-04-24
Amazon,Groceries,5441,133.3,2023-03-25
Walmart,Pharmaceuticals,5912,128.34,2023-04-17
KFC,Food,5499,47.08,2023-03-18
Yellow Cab,Transportation,4121,96.23,2023-03-09
Amazon,Online Purchases,5968,61.12,2023-04-17
Walmart,Pharmaceuticals,5912,331.36,2023-03-20
H&M,Clothes,5139,247.08,2023-04-13
Ikea,Misc,5311,299.04,2023-03-10
Walmart,Food,5499,127.59,2023-03-01
AMC Theaters,Entertainment,7832,105.94,2023-03-08
CVS,Pharmaceuticals,5912,307.09,2023-03-16
Walmart,Pharmaceuticals,5912,130.08,2023-03-17
Aliexpress,Online Purchases,5192,468.9,2023-03-24
Tobu Zoo,Entertainment,7832,43.03,2023-04-17
Ikea,Misc,5311,427.64,2023-03-14
Macy's,Clothes,5137,26.27,2023-03-06
Ikea,Misc,5999,214.24,2023-04-27
PQR Internet,Utilities,4899,82.71,2023-04-04
ABC Apartments,Rent,6513,300,2023-04-12
Uber,Transportation,4121,75.6,2023-04-26
Burger King,Food,5499,77.19,2023-04-07
Museum of History,Entertainment,7832,71.74,2023-04-07
Apple Store,Electronics,5733,1550.04,2023-03-26
XYZ Electricity,Utilities,4899,177.2,2023-03-15
XYZ Electricity,Utilities,4900,78.15,2023-03-02
Yellow Cab,Transportation,4121,59.45,2023-04-17
Tobu,Groceries,5411,19.88,2023-03-09
Aliexpress,Online Purchases,5192,205.44,2023-04-02
ABC Apartments,Rent,6513,300,2023-03-03
Office Depot,Misc,5311,416.31,2023-04-21
PQR Internet,Utilities,4899,50.35,2023-03-25
Walmart,Pharmaceuticals,5912,233.13,2023-04-18
Macy's,Clothes,5651,271.09,2023-03-26
PQR Internet,Utilities,4900,153.67,2023-04-17
City Park,Entertainment,7998,41.95,2023-04-02
Office Depot,Misc,5999,360.27,2023-04-15
Puma,Clothes,5699,104.19,2023-03-05
City Park,Entertainment,7998,23.07,2023-03-15
Amazon,Groceries,5422,110.81,2023-03-25
Lyft,Transportation,4121,90.31,2023-04-08
Lyft,Transportation,4121,80.47,2023-03-19
Main Street Condos,Rent,6513,300,2023-04-29
Lyft,Transportation,4121,64.13,2023-04-24
ABC Water,Utilities,4900,190.57,2023-03-07
PQR Internet,Utilities,4899,125.81,2023-03-04
Starbucks,Food,5814,81.81,2023-03-19
XYZ Housing,Rent,6513,400,2023-03-27
Walmart,Clothes,5139,211.94,2023-03-30
Amazon,Pharmaceuticals,5912,425.72,2023-03-01
ABC Apartments,Rent,6513,400,2023-03-23
Uptown Rentals,Rent,6513,400,2023-04-25
Tobu Aquarium,Entertainment,7998,103.84,2023-03-22
Amazon,Pharmaceuticals,5912,428.14,2023-04-17
Walmart,Pharmaceuticals,5912,486.38,2023-03-26
Walmart,Food,5814,141.25,2023-03-01
Aliexpress,Electronics,5734,1123.99,2023-03-21
Uber,Transportation,4121,54.91,2023-04-26
Uptown Rentals,Rent,6513,400,2023-03-13
Lyft,Transportation,4121,38.18,2023-04-14
Main Street Condos,Rent,6513,300,2023-04-22
Nintendo,Electronics,5734,382.42,2023-03-08
eBay,Online Purchases,5192,320.43,2023-03-07
Tobu,Groceries,5441,75.07,2023-04-23
CVS,Pharmaceuticals,5912,287.89,2023-03-29
Target,Online Purchases,5968,445.86,2023-03-13
KFC,Food,5499,6.16,2023-04-11
Target,Electronics,5732,1942.94,2023-04-12
Aliexpress,Clothes,5699,213.09,2023-03-25
Uber,Transportation,4121,71.04,2023-03-21
City Park,Entertainment,7998,30.73,2023-03-09
Target,Online Purchases,5968,484.32,2023-04-30
Amazon,Pharmaceuticals,5912,47.32,2023-03-24
CVS,Pharmaceuticals,5912,258.42,2023-03-29
City Park,Entertainment,7832,107.8,2023-03-11
Aliexpress,Online Purchases,5968,213.18,2023-04-21
Target,Online Purchases,5192,193.45,2023-04-17
Donquiote,Clothes,5651,30.23,2023-03-20
Trader joe's,Groceries,5411,75.73,2023-03-04
Walmart,Pharmaceuticals,5912,80.79,2023-04-24
Target.com,Misc,5999,436.06,2023-04-22
Main Street Condos,Rent,6513,400,2023-03-03
Amazon,Online Purchases,5192,187.57,2023-03-18
Walmart,Groceries,5411,102.46,2023-03-05
MNO Gas,Utilities,4899,132.86,2023-04-18
MNO Gas,Utilities,4899,177.15,2023-04-14
Hilo,Groceries,5441,54.77,2023-04-09
H&M,Clothes,5139,279.63,2023-03-02
Target,Clothes,5139,26.21,2023-04-10
Museum of History,Entertainment,7991,16.96,2023-04-23
Uptown Rentals,Rent,6513,400,2023-03-20
AMC Theaters,Entertainment,7832,102.65,2023-03-23
XYZ Housing,Rent,6513,400,2023-04-11
ABC Water,Utilities,4900,69.86,2023-03-09
XYZ Housing,Rent,6513,300,2023-04-19
Zara,Clothes,5137,213.41,2023-03-19
Walmart.com,Misc,5331,59.41,2023-04-04
Amazon,Clothes,5651,128.86,2023-04-19
Lyft,Transportation,4121,41.94,2023-03-03
Apple Store,Electronics,5734,1794.09,2023-04-06
KFC,Food,5499,13.84,2023-03-03
Samsung,Electronics,5732,398.38,2023-03-15
Walmart,Online Purchases,5968,427.58,2023-03-02
Walmart,Pharmaceuticals,5912,282.17,2023-03-11
CVS,Pharmaceuticals,5912,357.48,2023-03-04
Tobu Zoo,Entertainment,7991,33.15,2023-04-22
Ikea,Misc,5311,497.93,2023-03-08
Walmart,Pharmaceuticals,5912,422.09,2023-03-03
Nintendo,Electronics,5733,1882.93,2023-03-17
Adidas,Clothes,5139,122.77,2023-04-24
Walmart,Pharmaceuticals,5912,121.0,2023-04-24
City Park,Entertainment,7998,18.02,2023-03-10
City Park,Entertainment,7996,63.98,2023-03-17
H&M,Clothes,5139,285.91,2023-04-19
Tobu Aquarium,Entertainment,7832,14.09,2023-04-09
Burger King,Food,5499,142.07,2023-03-20
Target,Food,5499,90.59,2023-03-03
Aliexpress,Misc,5331,319.32,2023-03-22
Uber,Transportation,4121,28.88,2023-03-27
Uptown Rentals,Rent,6513,300,2023-04-13
MNO Gas,Utilities,4899,130.3,2023-03-05
Regal Cinemas,Entertainment,7832,109.31,2023-03-12
Ikea,Misc,5331,451.27,2023-03-22
Tasty's,Food,5499,108.31,2023-03-19
Burger King,Food,5814,92.32,2023-03-04
Walmart,Clothes,5699,32.83,2023-04-19
Amazon,Electronics,5732,84.33,2023-04-07
Target,Electronics,5732,1423.29,2023-04-04
Walmart,Electronics,5734,867.88,2023-04-16
Panasonic,Electronics,5733,798.38,2023-04-13
Gap,Clothes,5651,185.59,2023-04-26
CVS,Pharmaceuticals,5912,409.64,2023-04-08
Target,Electronics,5734,687.1,2023-05-01
Walmart,Groceries,5411,53.48,2023-04-28
Home Depot,Misc,5999,202.02,2023-05-01
Gyomu Supermarket,Groceries,5422,68.87,2023-04-25
Target,Clothes,5137,272.22,2023-04-12
Tobu Aquarium,Entertainment,7996,21.74,2023-03-04
XYZ Housing,Rent,6513,300,2023-04-04
Tobu Zoo,Entertainment,7998,55.63,2023-04-29
Uptown Rentals,Rent,6513,400,2023-03-09
XYZ Housing,Rent,6513,400,2023-04-22
Regal Cinemas,Entertainment,7996,24.64,2023-04-18
Zara,Clothes,5651,75.0,2023-04-09
McDonalds,Food,5499,13.13,2023-04-30
Target,Electronics,5733,1910.98,2023-04-08
Target,Food,5814,70.29,2023-04-12
ABC Water,Utilities,4900,193.36,2023-03-24
Aliexpress,Online Purchases,5192,455.69,2023-03-31
Walmart.com,Misc,5311,267.41,2023-04-23
XYZ Electricity,Utilities,4900,155.56,2023-04-05
ABC Water,Utilities,4900,96.6,2023-03-24
Amazon,Misc,5311,113.81,2023-04-28
Gap,Clothes,5139,99.46,2023-04-19
Nintendo,Electronics,5732,1902.55,2023-04-18
Walmart,Online Purchases,5968,189.14,2023-03-04
Uptown Rentals,Rent,6513,400,2023-04-24
Amazon,Groceries,5462,122.72,2023-04-21
CVS,Pharmaceuticals,5912,295.93,2023-03-30
Megamart,Groceries,5441,36.31,2023-04-12
Aliexpress,Misc,5311,468.22,2023-03-18
Walmart,Pharmaceuticals,5912,458.48,2023-04-02
Tobu Zoo,Entertainment,7998,41.2,2023-04-29
XYZ Electricity,Utilities,4899,142.82,2023-03-02
Dollar General,Groceries,5462,73.18,2023-03-06
Six Flags,Entertainment,7832,89.22,2023-04-27
Nintendo,Electronics,5732,208.5,2023-04-24
ABC Apartments,Rent,6513,300,2023-04-24
Uber,Transportation,4121,69.12,2023-03-07
Main Street Condos,Rent,6513,300,2023-03-20
Lyft,Transportation,4121,40.01,2023-05-01
PQR Internet,Utilities,4900,129.54,2023-04-28
Walmart,Pharmaceuticals,5912,226.63,2023-03-14
Walmart,Clothes,5139,119.47,2023-03-06
Walmart,Online Purchases,5192,108.38,2023-04-19
Nintendo,Electronics,5732,1288.62,2023-04-18
Aliexpress,Online Purchases,5968,298.07,2023-03-03
Amazon,Electronics,5732,1881.95,2023-04-07
Tasty's,Food,5814,108.98,2023-04-20
XYZ Housing,Rent,6513,300,2023-03-25
Aliexpress,Electronics,5732,1454.95,2023-04-23
Amazon,Clothes,5651,70.66,2023-04-02
PQR Internet,Utilities,4899,58.29,2023-03-10
PQR Internet,Utilities,4900,185.49,2023-04-30
MNO Gas,Utilities,4899,189.43,2023-03-30
Yellow Cab,Transportation,4121,95.26,2023-03-04
ABC Water,Utilities,4899,129.26,2023-03-25
ABC Water,Utilities,4900,93.22,2023-03-27
Gap,Clothes,5137,137.67,2023-03-23
ABC Water,Utilities,4899,150.26,2023-03-11
Walmart.com,Misc,5399,464.68,2023-03-24
Amazon,Misc,5399,469.91,2023-04-18
Main Street Condos,Rent,6513,400,2023-03-16
Aliexpress,Online Purchases,5192,159.54,2023-04-09
Subway,Food,5814,101.1,2023-03-08
AMC Theaters,Entertainment,7996,46.21,2023-04-29
Target,Food,5499,125.06,2023-03-05
McDonalds,Food,5499,8.68,2023-03-14
MNO Gas,Utilities,4900,63.2,2023-04-15
Walmart.com,Misc,5331,217.18,2023-04-23
Walmart,Online Purchases,5192,293.78,2023-04-18
eBay,Online Purchases,5192,280.48,2023-04-19
Target,Groceries,5411,94.66,2023-03-10
Uptown Rentals,Rent,6513,400,2023-04-24
Sony,Electronics,5732,602.48,2023-03-03
Office Depot,Misc,5311,45.25,2023-05-01
Uniqlo,Clothes,5139,167.82,2023-04-23
Burger King,Food,5499,102.69,2023-03-29
ABC Water,Utilities,4900,198.81,2023-03-01
Uber,Transportation,4121,19.35,2023-03-20
Walmart,Groceries,5422,64.16,2023-04-20
Dollar General,Groceries,5441,138.84,2023-03-06
City Bus,Transportation,4121,57.15,2023-04-25
Walmart,Clothes,5651,164.62,2023-04-11
XYZ Housing,Rent,6513,300,2023-04-06
Walmart,Food,5499,64.36,2023-03-01
Yellow Cab,Transportation,4121,76.6,2023-04-29
Gyomu Supermarket,Groceries,5422,97.46,2023-03-22
Macy's,Clothes,5651,253.43,2023-03-30
Apple Store,Electronics,5732,1248.87,2023-03-02
Walmart,Pharmaceuticals,5912,216.7,2023-03-09
Walmart,Pharmaceuticals,5912,99.62,2023-04-17
Apple Store,Electronics,5732,687.39,2023-03-17
Aliexpress,Online Purchases,5968,464.72,2023-04-22
City Bus,Transportation,4121,17.09,2023-03-22
Amazon,Pharmaceuticals,5912,345.65,2023-04-23
Aliexpress,Online Purchases,5968,485.51,2023-04-09
CVS,Pharmaceuticals,5912,249.46,2023-03-12
Trader joe's,Groceries,5422,23.17,2023-04-03
Subway,Food,5814,89.99,2023-04-06
CVS,Pharmaceuticals,5912,401.41,2023-03-02
Lyft,Transportation,4121,89.45,2023-03-10
Lyft,Transportation,4121,48.47,2023-03-02
Walmart,Groceries,5441,101.89,2023-05-01
Uptown Rentals,Rent,6513,400,2023-03-03
XYZ Electricity,Utilities,4899,149.26,2023-04-30
Burger King,Food,5814,99.68,2023-03-27
Amazon,Pharmaceuticals,5912,485.68,2023-03-19
Walmart,Clothes,5139,234.35,2023-03-14
Tobu,Groceries,5441,64.01,2023-03-28
Burger King,Food,5814,57.87,2023-04-09
Yellow Cab,Transportation,4121,10.86,2023-04-07
Aliexpress,Electronics,5734,1868.92,2023-04-14
Six Flags,Entertainment,7996,104.01,2023-04-08
Dollar General,Groceries,5422,42.21,2023-03-04
Donquiote,Clothes,5139,295.79,2023-03-18
Amazon,Clothes,5137,192.65,2023-04-28
Juicy,Food,5499,149.79,2023-04-10
Burger King,Food,5814,80.27,2023-04-20
Target,Clothes,5139,278.7,2023-03-21
KFC,Food,5499,91.24,2023-04-29
Burger King,Food,5814,19.91,2023-04-02
City Bus,Transportation,4121,89.5,2023-04-04
Tobu,Groceries,5422,115.82,2023-04-26
Lyft,Transportation,4121,62.27,2023-03-22
Best Buy,Electronics,5734,215.76,2023-04-05
Amazon,Electronics,5733,242.85,2023-04-20
Adidas,Clothes,5139,134.46,2023-03-05
Walmart,Electronics,5732,1898.86,2023-04-17
Home Depot,Misc,5331,267.9,2023-04-29
Starbucks,Food,5814,126.56,2023-04-01
Ikea,Misc,5331,262.05,2023-04-16
XYZ Housing,Rent,6513,300,2023-03-03
Walmart,Pharmaceuticals,5912,415.04,2023-03-19
Walmart,Online Purchases,5192,298.83,2023-04-01
MNO Gas,Utilities,4899,178.16,2023-03-06
Ikea,Misc,5999,352.23,2023-04-11
Bed Bath & Beyond,Misc,5399,366.42,2023-04-27
Amazon,Misc,5311,134.88,2023-04-14
CVS,Pharmaceuticals,5912,422.77,2023-04-11
Apple Store,Electronics,5733,1339.87,2023-04-11
City Park,Entertainment,7991,95.76,2023-03-07
Adidas,Clothes,5139,51.45,2023-04-11
City Bus,Transportation,4121,77.87,2023-04-24
Target,Electronics,5732,1760.75,2023-03-12
Walmart,Online Purchases,5968,350.79,2023-03-24
Amazon,Pharmaceuticals,5912,414.96,2023-04-01
PQR Internet,Utilities,4900,107.92,2023-03-08
Walmart,Online Purchases,5968,358.92,2023-03-02
Six Flags,Entertainment,7991,27.52,2023-04-13
Walmart,Pharmaceuticals,5912,73.64,2023-03-28
CVS,Pharmaceuticals,5912,79.81,2023-03-28
Aliexpress,Online Purchases,5968,334.18,2023-04-25
Aliexpress,Online Purchases,5192,351.11,2023-04-19
Juicy,Food,5814,122.09,2023-04-26
Target,Online Purchases,5968,64.37,2023-04-03
MNO Gas,Utilities,4900,184.77,2023-03-14
Trader joe's,Groceries,5422,119.12,2023-03-03
eBay,Online Purchases,5968,19.91,2023-04-24
Bed Bath & Beyond,Misc,5331,246.0,2023-04-11
Juicy,Food,5814,55.61,2023-04-13
PQR Internet,Utilities,4899,165.06,2023-04-03
XYZ Housing,Rent,6513,400,2023-04-21
Six Flags,Entertainment,7832,84.99,2023-04-30
Office Depot,Misc,5331,439.17,2023-03-29
Lyft,Transportation,4121,7.47,2023-03-23
ABC Apartments,Rent,6513,300,2023-04-01
CVS,Pharmaceuticals,5912,380.47,2023-04-30
City Park,Entertainment,7832,17.77,2023-03-31
Tasty's,Food,5814,36.94,2023-03-10
Amazon,Groceries,5422,92.04,2023-04-25
XYZ Housing,Rent,6513,300,2023-03-07
Walmart,Pharmaceuticals,5912,207.69,2023-04-05
Amazon,Pharmaceuticals,5912,252.0,2023-03-22
Starbucks,Food,5814,124.66,2023-03-15
Amazon,Pharmaceuticals,5912,326.64,2023-03-25
Home Depot,Misc,5399,21.36,2023-04-12
Hilo,Groceries,5441,109.06,2023-04-29
Walmart.com,Misc,5999,21.22,2023-03-22
Gyomu Supermarket,Groceries,5441,84.75,2023-03-10
XYZ Electricity,Utilities,4899,129.52,2023-03-06
Nintendo,Electronics,5732,1579.15,2023-03-29
Regal Cinemas,Entertainment,7998,89.48,2023-04-09
Tasty's,Food,5499,148.67,2023-04-24
Walmart,Online Purchases,5192,27.61,2023-04-29
Aliexpress,Online Purchases,5968,147.76,2023-03-17
XYZ Electricity,Utilities,4899,114.31,2023-03-01
Home Depot,Misc,5311,234.35,2023-04-16
McDonalds,Food,5499,133.85,2023-04-03
City Park,Entertainment,7996,40.37,2023-03-12
Walmart,Pharmaceuticals,5912,348.77,2023-04-30
Target,Food,5814,113.1,2023-03-18
ABC Apartments,Rent,6513,300,2023-03-20
Aliexpress,Online Purchases,5968,237.18,2023-03-03
Target,Online Purchases,5968,230.44,2023-04-08
Ikea,Misc,5331,472.1,2023-03-02
Aliexpress,Electronics,5734,266.74,2023-03-19
Walmart,Food,5814,51.92,2023-03-23
Starbucks,Food,5499,79.9,2023-03-02
Megamart,Groceries,5422,133.81,2023-04-15
Juicy,Food,5814,102.06,2023-04-25
Amazon,Clothes,5651,27.96,2023-04-08
Panasonic,Electronics,5732,345.53,2023-03-19
AMC Theaters,Entertainment,7998,84.62,2023-03-09
Aliexpress,Electronics,5732,992.55,2023-03-30
XYZ Housing,Rent,6513,300,2023-03-02
Main Street Condos,Rent,6513,300,2023-03-11
CVS,Pharmaceuticals,5912,178.44,2023-03-17
Walmart,Electronics,5732,907.73,2023-04-12
Walmart,Pharmaceuticals,5912,144.23,2023-04-05
Uptown Rentals,Rent,6513,300,2023-04-20
ABC Water,Utilities,4899,52.2,2023-04-02
XYZ Electricity,Utilities,4900,179.37,2023-04-02
Yellow Cab,Transportation,4121,33.02,2023-03-28
Best Buy,Electronics,5734,1149.85,2023-04-29
Target.com,Misc,5999,229.61,2023-04-23
Walmart.com,Misc,5331,317.7,2023-03-08
XYZ Housing,Rent,6513,400,2023-03-01
Tobu,Groceries,5411,134.67,2023-03-26
XYZ Electricity,Utilities,4900,68.12,2023-04-23
Adidas,Clothes,5137,98.82,2023-03-03
Juicy,Food,5814,115.89,2023-03-25
XYZ Housing,Rent,6513,300,2023-03-22
Nike,Clothes,5137,116.21,2023-03-11
XYZ Electricity,Utilities,4899,148.29,2023-03-29
City Bus,Transportation,4121,67.8,2023-03-07
Aliexpress,Misc,5311,393.84,2023-03-02
Walmart,Pharmaceuticals,5912,206.74,2023-03-21
XYZ Electricity,Utilities,4900,163.06,2023-03-08
Subway,Food,5814,34.89,2023-03-25
Six Flags,Entertainment,7991,18.35,2023-04-14
Nintendo,Electronics,5734,1534.1,2023-05-01
GU,Clothes,5699,154.35,2023-04-26
Uber,Transportation,4121,27.63,2023-03-26
Uber,Transportation,4121,27.5,2023-04-13
Burger King,Food,5814,16.84,2023-04-16
City Bus,Transportation,4121,15.11,2023-04-04
Samsung,Electronics,5732,1843.55,2023-04-04
Apple Store,Electronics,5734,708.46,2023-03-15
Uptown Rentals,Rent,6513,300,2023-03-09
XYZ Housing,Rent,6513,300,2023-04-15
Walmart,Online Purchases,5192,128.5,2023-04-17
Gyomu Supermarket,Groceries,5462,101.2,2023-04-25
Target,Clothes,5139,218.05,2023-04-06
eBay,Online Purchases,5968,319.96,2023-03-13
ABC Water,Utilities,4900,176.67,2023-04-30
GU,Clothes,5651,171.78,2023-04-11
Ikea,Misc,5311,378.99,2023-03-21
City Park,Entertainment,7991,91.72,2023-04-18
City Park,Entertainment,7832,99.93,2023-04-22
KFC,Food,5499,107.28,2023-04-25
Home Depot,Misc,5399,422.0,2023-03-11
Best Buy,Electronics,5733,377.74,2023-04-23
Uber,Transportation,4121,36.87,2023-04-04
Regal Cinemas,Entertainment,7832,69.41,2023-03-07
eBay,Online Purchases,5192,351.08,2023-04-24
City Park,Entertainment,7832,47.34,2023-03-19
Uber,Transportation,4121,90.52,2023-04-02
XYZ Housing,Rent,6513,300,2023-04-18
AMC Theaters,Entertainment,7991,66.01,2023-03-30
Yellow Cab,Transportation,4121,36.52,2023-03-12
Target,Online Purchases,5192,478.27,2023-03-26
MNO Gas,Utilities,4899,190.75,2023-03-29
ABC Apartments,Rent,6513,300,2023-03-16
KFC,Food,5499,77.66,2023-03-19
Regal Cinemas,Entertainment,7996,73.31,2023-04-13
Museum of History,Entertainment,7998,83.07,2023-03-29
Amazon,Pharmaceuticals,5912,21.13,2023-04-02
ABC Water,Utilities,4900,75.73,2023-03-16
Uniqlo,Clothes,5139,298.16,2023-04-29
ABC Apartments,Rent,6513,300,2023-03-29
Nike,Clothes,5651,111.45,2023-04-12
Adidas,Clothes,5139,217.36,2023-03-03
Walmart,Online Purchases,5192,270.11,2023-03-08
Main Street Condos,Rent,6513,400,2023-03-15
Tobu Aquarium,Entertainment,7998,39.34,2023-03-10
Yellow Cab,Transportation,4121,22.55,2023-04-23
Lyft,Transportation,4121,20.96,2023-04-27
Six Flags,Entertainment,7996,98.49,2023-04-21
Hilo,Groceries,5411,107.23,2023-04-12
Dollar General,Groceries,5441,12.43,2023-04-29
MNO Gas,Utilities,4900,114.38,2023-04-01
Tobu Aquarium,Entertainment,7996,43.93,2023-03-25
Amazon,Pharmaceuticals,5912,27.41,2023-04-21
Amazon,Online Purchases,5968,234.93,2023-03-15
Walmart,Pharmaceuticals,5912,95.11,2023-03-10
Walmart,Online Purchases,5968,334.42,2023-03-26
CVS,Pharmaceuticals,5912,384.29,2023-03-03
ABC Water,Utilities,4899,175.96,2023-03-14
CVS,Pharmaceuticals,5912,14.66,2023-04-03
ABC Apartments,Rent,6513,400,2023-03-21
Walmart,Pharmaceuticals,5912,298.16,2023-03-10
Walmart,Pharmaceuticals,5912,306.65,2023-03-14
Yellow Cab,Transportation,4121,75.66,2023-03-13
Amazon,Misc,5331,386.84,2023-04-24
Target,Online Purchases,5192,47.97,2023-03-10
Target,Groceries,5441,93.78,2023-04-25
XYZ Housing,Rent,6513,400,2023-04-18
Tobu Aquarium,Entertainment,7996,116.65,2023-03-15
Walmart,Groceries,5411,105.01,2023-03-28
Museum of History,Entertainment,7998,46.14,2023-04-29
eBay,Online Purchases,5968,399.72,2023-03-13
Lyft,Transportation,4121,50.95,2023-04-21
City Park,Entertainment,7996,101.22,2023-03-09
AMC Theaters,Entertainment,7832,27.48,2023-03-05
Puma,Clothes,5137,246.28,2023-04-22
ABC Water,Utilities,4899,123.99,2023-03-03
Dollar General,Groceries,5422,130.39,2023-03-30
Amazon,Online Purchases,5192,283.58,2023-04-14
McDonalds,Food,5499,8.64,2023-04-03
City Bus,Transportation,4121,13.35,2023-03-04
Amazon,Pharmaceuticals,5912,426.54,2023-04-26
Donquiote,Clothes,5651,118.3,2023-03-17
PQR Internet,Utilities,4900,116.73,2023-03-08
Macy's,Clothes,5699,142.01,2023-04-17
Target.com,Misc,5399,406.65,2023-04-14
Tobu Zoo,Entertainment,7991,38.42,2023-04-26
Walmart,Pharmaceuticals,5912,449.8,2023-04-20
Panasonic,Electronics,5734,691.51,2023-03-04
City Bus,Transportation,4121,14.06,2023-03-20
Walmart,Online Purchases,5192,380.73,2023-04-02
Regal Cinemas,Entertainment,7996,25.21,2023-04-17
Amazon,Misc,5331,139.88,2023-03-24
PQR Internet,Utilities,4900,186.54,2023-03-05
MNO Gas,Utilities,4899,172.13,2023-04-14
